<?xml version="1.0" encoding="UTF-8"?>
<project-private xmlns="http://www.netbeans.org/ns/project-private/1">
    <editor-bookmarks xmlns="http://www.netbeans.org/ns/editor-bookmarks/2" lastBookmarkId="0"/>
    <open-files xmlns="http://www.netbeans.org/ns/projectui-open-files/2">
        <group>
            <file>file:/C:/Users/Basti/Downloads/taller%202%20a%20(1)/taller%202%20a/Taller2/src/Main/ArriendoAutos.java</file>
            <file>file:/C:/Users/Basti/Downloads/taller%202%20a%20(1)/taller%202%20a/Taller2/src/Main/logeo.java</file>
            <file>file:/C:/Users/Basti/Downloads/taller%202%20a%20(1)/taller%202%20a/Taller2/src/Main/Auto.java</file>
            <file>file:/C:/Users/Basti/Downloads/taller%202%20a%20(1)/taller%202%20a/Taller2/src/test/Main.java</file>
            <file>file:/C:/Users/Basti/Downloads/taller%202%20a%20(1)/taller%202%20a/Taller2/src/Main/LoR.java</file>
        </group>
    </open-files>
</project-private>
